{
  "Resources": {
    "WebServer001IdInstanceSecurityGroup822E6D7E": {
      "Type": "AWS::EC2::SecurityGroup",
      "Properties": {
        "GroupDescription": "my-web-server-stack/WebServer001Id/InstanceSecurityGroup",
        "SecurityGroupEgress": [
          {
            "CidrIp": "0.0.0.0/0",
            "Description": "Allow all outbound traffic by default",
            "IpProtocol": "-1"
          }
        ],
        "SecurityGroupIngress": [
          {
            "CidrIp": "0.0.0.0/0",
            "Description": "Allow web traffic",
            "FromPort": 80,
            "IpProtocol": "tcp",
            "ToPort": 80
          }
        ],
        "Tags": [
          {
            "Key": "Name",
            "Value": "WebServer001"
          }
        ],
        "VpcId": "vpc-0170844b52f7a3b32"
      },
      "Metadata": {
        "aws:cdk:path": "my-web-server-stack/WebServer001Id/InstanceSecurityGroup/Resource"
      }
    },
    "WebServer001IdInstanceRoleFC74DB53": {
      "Type": "AWS::IAM::Role",
      "Properties": {
        "AssumeRolePolicyDocument": {
          "Statement": [
            {
              "Action": "sts:AssumeRole",
              "Effect": "Allow",
              "Principal": {
                "Service": "ec2.amazonaws.com"
              }
            }
          ],
          "Version": "2012-10-17"
        },
        "Tags": [
          {
            "Key": "Name",
            "Value": "WebServer001"
          }
        ]
      },
      "Metadata": {
        "aws:cdk:path": "my-web-server-stack/WebServer001Id/InstanceRole/Resource"
      }
    },
    "WebServer001IdInstanceProfile55DB9861": {
      "Type": "AWS::IAM::InstanceProfile",
      "Properties": {
        "Roles": [
          {
            "Ref": "WebServer001IdInstanceRoleFC74DB53"
          }
        ]
      },
      "Metadata": {
        "aws:cdk:path": "my-web-server-stack/WebServer001Id/InstanceProfile"
      }
    },
    "WebServer001Id24533C22": {
      "Type": "AWS::EC2::Instance",
      "Properties": {
        "AvailabilityZone": "ap-south-1a",
        "IamInstanceProfile": {
          "Ref": "WebServer001IdInstanceProfile55DB9861"
        },
        "ImageId": "ami-041d6256ed0f2061c",
        "InstanceType": "t2.micro",
        "SecurityGroupIds": [
          {
            "Fn::GetAtt": [
              "WebServer001IdInstanceSecurityGroup822E6D7E",
              "GroupId"
            ]
          }
        ],
        "SubnetId": "subnet-0226138ae20214323",
        "Tags": [
          {
            "Key": "Name",
            "Value": "WebServer001"
          }
        ],
        "UserData": {
          "Fn::Base64": "#!/bin/bash\n\nsudo yum install -y httpd\nsudo chkconfig httpd on\nsudo service httpd start"
        }
      },
      "DependsOn": [
        "WebServer001IdInstanceRoleFC74DB53"
      ],
      "Metadata": {
        "aws:cdk:path": "my-web-server-stack/WebServer001Id/Resource"
      }
    }
  },
  "Outputs": {
    "WebServer001Ip": {
      "Description": "webserver public Ip address",
      "Value": {
        "Fn::Join": [
          "",
          [
            "http://",
            {
              "Fn::GetAtt": [
                "WebServer001Id24533C22",
                "PublicIp"
              ]
            }
          ]
        ]
      }
    }
  }
}