{
  "Resources": {
    "customVpcId909241C7": {
      "Type": "AWS::EC2::VPC",
      "Properties": {
        "CidrBlock": "10.83.0.0/20",
        "EnableDnsHostnames": "True",
        "EnableDnsSupport": "True",
        "InstanceTenancy": "default",
        "Tags": [
          {
            "Key": "Name",
            "Value": "my-custom-vpc-stack/customVpcId"
          },
          {
            "Key": "Owner",
            "Value": "Giri"
          }
        ]
      },
      "Metadata": {
        "aws:cdk:path": "my-custom-vpc-stack/customVpcId/Resource"
      }
    },
    "customVpcIdpublicSubnetSubnet1SubnetABC68DEB": {
      "Type": "AWS::EC2::Subnet",
      "Properties": {
        "CidrBlock": "10.83.0.0/24",
        "VpcId": {
          "Ref": "customVpcId909241C7"
        },
        "AvailabilityZone": {
          "Fn::Select": [
            0,
            {
              "Fn::GetAZs": ""
            }
          ]
        },
        "MapPublicIpOnLaunch": "True",
        "Tags": [
          {
            "Key": "aws-cdk:subnet-name",
            "Value": "publicSubnet"
          },
          {
            "Key": "aws-cdk:subnet-type",
            "Value": "Public"
          },
          {
            "Key": "Name",
            "Value": "my-custom-vpc-stack/customVpcId/publicSubnetSubnet1"
          },
          {
            "Key": "Owner",
            "Value": "Giri"
          }
        ]
      },
      "Metadata": {
        "aws:cdk:path": "my-custom-vpc-stack/customVpcId/publicSubnetSubnet1/Subnet"
      }
    },
    "customVpcIdpublicSubnetSubnet1RouteTable98BD2468": {
      "Type": "AWS::EC2::RouteTable",
      "Properties": {
        "VpcId": {
          "Ref": "customVpcId909241C7"
        },
        "Tags": [
          {
            "Key": "Name",
            "Value": "my-custom-vpc-stack/customVpcId/publicSubnetSubnet1"
          },
          {
            "Key": "Owner",
            "Value": "Giri"
          }
        ]
      },
      "Metadata": {
        "aws:cdk:path": "my-custom-vpc-stack/customVpcId/publicSubnetSubnet1/RouteTable"
      }
    },
    "customVpcIdpublicSubnetSubnet1RouteTableAssociation72E9B322": {
      "Type": "AWS::EC2::SubnetRouteTableAssociation",
      "Properties": {
        "RouteTableId": {
          "Ref": "customVpcIdpublicSubnetSubnet1RouteTable98BD2468"
        },
        "SubnetId": {
          "Ref": "customVpcIdpublicSubnetSubnet1SubnetABC68DEB"
        }
      },
      "Metadata": {
        "aws:cdk:path": "my-custom-vpc-stack/customVpcId/publicSubnetSubnet1/RouteTableAssociation"
      }
    },
    "customVpcIdpublicSubnetSubnet1DefaultRoute81662758": {
      "Type": "AWS::EC2::Route",
      "Properties": {
        "RouteTableId": {
          "Ref": "customVpcIdpublicSubnetSubnet1RouteTable98BD2468"
        },
        "DestinationCidrBlock": "0.0.0.0/0",
        "GatewayId": {
          "Ref": "customVpcIdIGWC038BCF9"
        }
      },
      "DependsOn": [
        "customVpcIdVPCGWCADF12C5"
      ],
      "Metadata": {
        "aws:cdk:path": "my-custom-vpc-stack/customVpcId/publicSubnetSubnet1/DefaultRoute"
      }
    },
    "customVpcIdpublicSubnetSubnet1EIPA807C530": {
      "Type": "AWS::EC2::EIP",
      "Properties": {
        "Domain": "vpc",
        "Tags": [
          {
            "Key": "Name",
            "Value": "my-custom-vpc-stack/customVpcId/publicSubnetSubnet1"
          },
          {
            "Key": "Owner",
            "Value": "Giri"
          }
        ]
      },
      "Metadata": {
        "aws:cdk:path": "my-custom-vpc-stack/customVpcId/publicSubnetSubnet1/EIP"
      }
    },
    "customVpcIdpublicSubnetSubnet1NATGatewayBAB82BBC": {
      "Type": "AWS::EC2::NatGateway",
      "Properties": {
        "SubnetId": {
          "Ref": "customVpcIdpublicSubnetSubnet1SubnetABC68DEB"
        },
        "AllocationId": {
          "Fn::GetAtt": [
            "customVpcIdpublicSubnetSubnet1EIPA807C530",
            "AllocationId"
          ]
        },
        "Tags": [
          {
            "Key": "Name",
            "Value": "my-custom-vpc-stack/customVpcId/publicSubnetSubnet1"
          },
          {
            "Key": "Owner",
            "Value": "Giri"
          }
        ]
      },
      "Metadata": {
        "aws:cdk:path": "my-custom-vpc-stack/customVpcId/publicSubnetSubnet1/NATGateway"
      }
    },
    "customVpcIdpublicSubnetSubnet2SubnetBE771344": {
      "Type": "AWS::EC2::Subnet",
      "Properties": {
        "CidrBlock": "10.83.1.0/24",
        "VpcId": {
          "Ref": "customVpcId909241C7"
        },
        "AvailabilityZone": {
          "Fn::Select": [
            1,
            {
              "Fn::GetAZs": ""
            }
          ]
        },
        "MapPublicIpOnLaunch": "True",
        "Tags": [
          {
            "Key": "aws-cdk:subnet-name",
            "Value": "publicSubnet"
          },
          {
            "Key": "aws-cdk:subnet-type",
            "Value": "Public"
          },
          {
            "Key": "Name",
            "Value": "my-custom-vpc-stack/customVpcId/publicSubnetSubnet2"
          },
          {
            "Key": "Owner",
            "Value": "Giri"
          }
        ]
      },
      "Metadata": {
        "aws:cdk:path": "my-custom-vpc-stack/customVpcId/publicSubnetSubnet2/Subnet"
      }
    },
    "customVpcIdpublicSubnetSubnet2RouteTableB3E31886": {
      "Type": "AWS::EC2::RouteTable",
      "Properties": {
        "VpcId": {
          "Ref": "customVpcId909241C7"
        },
        "Tags": [
          {
            "Key": "Name",
            "Value": "my-custom-vpc-stack/customVpcId/publicSubnetSubnet2"
          },
          {
            "Key": "Owner",
            "Value": "Giri"
          }
        ]
      },
      "Metadata": {
        "aws:cdk:path": "my-custom-vpc-stack/customVpcId/publicSubnetSubnet2/RouteTable"
      }
    },
    "customVpcIdpublicSubnetSubnet2RouteTableAssociation7EABC563": {
      "Type": "AWS::EC2::SubnetRouteTableAssociation",
      "Properties": {
        "RouteTableId": {
          "Ref": "customVpcIdpublicSubnetSubnet2RouteTableB3E31886"
        },
        "SubnetId": {
          "Ref": "customVpcIdpublicSubnetSubnet2SubnetBE771344"
        }
      },
      "Metadata": {
        "aws:cdk:path": "my-custom-vpc-stack/customVpcId/publicSubnetSubnet2/RouteTableAssociation"
      }
    },
    "customVpcIdpublicSubnetSubnet2DefaultRoute2ECA1DB3": {
      "Type": "AWS::EC2::Route",
      "Properties": {
        "RouteTableId": {
          "Ref": "customVpcIdpublicSubnetSubnet2RouteTableB3E31886"
        },
        "DestinationCidrBlock": "0.0.0.0/0",
        "GatewayId": {
          "Ref": "customVpcIdIGWC038BCF9"
        }
      },
      "DependsOn": [
        "customVpcIdVPCGWCADF12C5"
      ],
      "Metadata": {
        "aws:cdk:path": "my-custom-vpc-stack/customVpcId/publicSubnetSubnet2/DefaultRoute"
      }
    },
    "customVpcIdprivateSubnetSubnet1Subnet91A69F76": {
      "Type": "AWS::EC2::Subnet",
      "Properties": {
        "CidrBlock": "10.83.2.0/24",
        "VpcId": {
          "Ref": "customVpcId909241C7"
        },
        "AvailabilityZone": {
          "Fn::Select": [
            0,
            {
              "Fn::GetAZs": ""
            }
          ]
        },
        "MapPublicIpOnLaunch": "False",
        "Tags": [
          {
            "Key": "aws-cdk:subnet-name",
            "Value": "privateSubnet"
          },
          {
            "Key": "aws-cdk:subnet-type",
            "Value": "Private"
          },
          {
            "Key": "Name",
            "Value": "my-custom-vpc-stack/customVpcId/privateSubnetSubnet1"
          },
          {
            "Key": "Owner",
            "Value": "Giri"
          }
        ]
      },
      "Metadata": {
        "aws:cdk:path": "my-custom-vpc-stack/customVpcId/privateSubnetSubnet1/Subnet"
      }
    },
    "customVpcIdprivateSubnetSubnet1RouteTableE4B5E170": {
      "Type": "AWS::EC2::RouteTable",
      "Properties": {
        "VpcId": {
          "Ref": "customVpcId909241C7"
        },
        "Tags": [
          {
            "Key": "Name",
            "Value": "my-custom-vpc-stack/customVpcId/privateSubnetSubnet1"
          },
          {
            "Key": "Owner",
            "Value": "Giri"
          }
        ]
      },
      "Metadata": {
        "aws:cdk:path": "my-custom-vpc-stack/customVpcId/privateSubnetSubnet1/RouteTable"
      }
    },
    "customVpcIdprivateSubnetSubnet1RouteTableAssociationBBBC5AA8": {
      "Type": "AWS::EC2::SubnetRouteTableAssociation",
      "Properties": {
        "RouteTableId": {
          "Ref": "customVpcIdprivateSubnetSubnet1RouteTableE4B5E170"
        },
        "SubnetId": {
          "Ref": "customVpcIdprivateSubnetSubnet1Subnet91A69F76"
        }
      },
      "Metadata": {
        "aws:cdk:path": "my-custom-vpc-stack/customVpcId/privateSubnetSubnet1/RouteTableAssociation"
      }
    },
    "customVpcIdprivateSubnetSubnet1DefaultRouteA5D706CC": {
      "Type": "AWS::EC2::Route",
      "Properties": {
        "RouteTableId": {
          "Ref": "customVpcIdprivateSubnetSubnet1RouteTableE4B5E170"
        },
        "DestinationCidrBlock": "0.0.0.0/0",
        "NatGatewayId": {
          "Ref": "customVpcIdpublicSubnetSubnet1NATGatewayBAB82BBC"
        }
      },
      "Metadata": {
        "aws:cdk:path": "my-custom-vpc-stack/customVpcId/privateSubnetSubnet1/DefaultRoute"
      }
    },
    "customVpcIdprivateSubnetSubnet2Subnet21885FBE": {
      "Type": "AWS::EC2::Subnet",
      "Properties": {
        "CidrBlock": "10.83.3.0/24",
        "VpcId": {
          "Ref": "customVpcId909241C7"
        },
        "AvailabilityZone": {
          "Fn::Select": [
            1,
            {
              "Fn::GetAZs": ""
            }
          ]
        },
        "MapPublicIpOnLaunch": "False",
        "Tags": [
          {
            "Key": "aws-cdk:subnet-name",
            "Value": "privateSubnet"
          },
          {
            "Key": "aws-cdk:subnet-type",
            "Value": "Private"
          },
          {
            "Key": "Name",
            "Value": "my-custom-vpc-stack/customVpcId/privateSubnetSubnet2"
          },
          {
            "Key": "Owner",
            "Value": "Giri"
          }
        ]
      },
      "Metadata": {
        "aws:cdk:path": "my-custom-vpc-stack/customVpcId/privateSubnetSubnet2/Subnet"
      }
    },
    "customVpcIdprivateSubnetSubnet2RouteTable1A13C8B7": {
      "Type": "AWS::EC2::RouteTable",
      "Properties": {
        "VpcId": {
          "Ref": "customVpcId909241C7"
        },
        "Tags": [
          {
            "Key": "Name",
            "Value": "my-custom-vpc-stack/customVpcId/privateSubnetSubnet2"
          },
          {
            "Key": "Owner",
            "Value": "Giri"
          }
        ]
      },
      "Metadata": {
        "aws:cdk:path": "my-custom-vpc-stack/customVpcId/privateSubnetSubnet2/RouteTable"
      }
    },
    "customVpcIdprivateSubnetSubnet2RouteTableAssociation8DD8F599": {
      "Type": "AWS::EC2::SubnetRouteTableAssociation",
      "Properties": {
        "RouteTableId": {
          "Ref": "customVpcIdprivateSubnetSubnet2RouteTable1A13C8B7"
        },
        "SubnetId": {
          "Ref": "customVpcIdprivateSubnetSubnet2Subnet21885FBE"
        }
      },
      "Metadata": {
        "aws:cdk:path": "my-custom-vpc-stack/customVpcId/privateSubnetSubnet2/RouteTableAssociation"
      }
    },
    "customVpcIdprivateSubnetSubnet2DefaultRoute36242007": {
      "Type": "AWS::EC2::Route",
      "Properties": {
        "RouteTableId": {
          "Ref": "customVpcIdprivateSubnetSubnet2RouteTable1A13C8B7"
        },
        "DestinationCidrBlock": "0.0.0.0/0",
        "NatGatewayId": {
          "Ref": "customVpcIdpublicSubnetSubnet1NATGatewayBAB82BBC"
        }
      },
      "Metadata": {
        "aws:cdk:path": "my-custom-vpc-stack/customVpcId/privateSubnetSubnet2/DefaultRoute"
      }
    },
    "customVpcIddbSubnetSubnet1SubnetD8D7F4DF": {
      "Type": "AWS::EC2::Subnet",
      "Properties": {
        "CidrBlock": "10.83.4.0/24",
        "VpcId": {
          "Ref": "customVpcId909241C7"
        },
        "AvailabilityZone": {
          "Fn::Select": [
            0,
            {
              "Fn::GetAZs": ""
            }
          ]
        },
        "MapPublicIpOnLaunch": "False",
        "Tags": [
          {
            "Key": "aws-cdk:subnet-name",
            "Value": "dbSubnet"
          },
          {
            "Key": "aws-cdk:subnet-type",
            "Value": "Isolated"
          },
          {
            "Key": "Name",
            "Value": "my-custom-vpc-stack/customVpcId/dbSubnetSubnet1"
          },
          {
            "Key": "Owner",
            "Value": "Giri"
          }
        ]
      },
      "Metadata": {
        "aws:cdk:path": "my-custom-vpc-stack/customVpcId/dbSubnetSubnet1/Subnet"
      }
    },
    "customVpcIddbSubnetSubnet1RouteTable6C5F4D4C": {
      "Type": "AWS::EC2::RouteTable",
      "Properties": {
        "VpcId": {
          "Ref": "customVpcId909241C7"
        },
        "Tags": [
          {
            "Key": "Name",
            "Value": "my-custom-vpc-stack/customVpcId/dbSubnetSubnet1"
          },
          {
            "Key": "Owner",
            "Value": "Giri"
          }
        ]
      },
      "Metadata": {
        "aws:cdk:path": "my-custom-vpc-stack/customVpcId/dbSubnetSubnet1/RouteTable"
      }
    },
    "customVpcIddbSubnetSubnet1RouteTableAssociation94F13D10": {
      "Type": "AWS::EC2::SubnetRouteTableAssociation",
      "Properties": {
        "RouteTableId": {
          "Ref": "customVpcIddbSubnetSubnet1RouteTable6C5F4D4C"
        },
        "SubnetId": {
          "Ref": "customVpcIddbSubnetSubnet1SubnetD8D7F4DF"
        }
      },
      "Metadata": {
        "aws:cdk:path": "my-custom-vpc-stack/customVpcId/dbSubnetSubnet1/RouteTableAssociation"
      }
    },
    "customVpcIddbSubnetSubnet2Subnet22D7672A": {
      "Type": "AWS::EC2::Subnet",
      "Properties": {
        "CidrBlock": "10.83.5.0/24",
        "VpcId": {
          "Ref": "customVpcId909241C7"
        },
        "AvailabilityZone": {
          "Fn::Select": [
            1,
            {
              "Fn::GetAZs": ""
            }
          ]
        },
        "MapPublicIpOnLaunch": "False",
        "Tags": [
          {
            "Key": "aws-cdk:subnet-name",
            "Value": "dbSubnet"
          },
          {
            "Key": "aws-cdk:subnet-type",
            "Value": "Isolated"
          },
          {
            "Key": "Name",
            "Value": "my-custom-vpc-stack/customVpcId/dbSubnetSubnet2"
          },
          {
            "Key": "Owner",
            "Value": "Giri"
          }
        ]
      },
      "Metadata": {
        "aws:cdk:path": "my-custom-vpc-stack/customVpcId/dbSubnetSubnet2/Subnet"
      }
    },
    "customVpcIddbSubnetSubnet2RouteTableD36F9463": {
      "Type": "AWS::EC2::RouteTable",
      "Properties": {
        "VpcId": {
          "Ref": "customVpcId909241C7"
        },
        "Tags": [
          {
            "Key": "Name",
            "Value": "my-custom-vpc-stack/customVpcId/dbSubnetSubnet2"
          },
          {
            "Key": "Owner",
            "Value": "Giri"
          }
        ]
      },
      "Metadata": {
        "aws:cdk:path": "my-custom-vpc-stack/customVpcId/dbSubnetSubnet2/RouteTable"
      }
    },
    "customVpcIddbSubnetSubnet2RouteTableAssociation2EF0F050": {
      "Type": "AWS::EC2::SubnetRouteTableAssociation",
      "Properties": {
        "RouteTableId": {
          "Ref": "customVpcIddbSubnetSubnet2RouteTableD36F9463"
        },
        "SubnetId": {
          "Ref": "customVpcIddbSubnetSubnet2Subnet22D7672A"
        }
      },
      "Metadata": {
        "aws:cdk:path": "my-custom-vpc-stack/customVpcId/dbSubnetSubnet2/RouteTableAssociation"
      }
    },
    "customVpcIdIGWC038BCF9": {
      "Type": "AWS::EC2::InternetGateway",
      "Properties": {
        "Tags": [
          {
            "Key": "Name",
            "Value": "my-custom-vpc-stack/customVpcId"
          },
          {
            "Key": "Owner",
            "Value": "Giri"
          }
        ]
      },
      "Metadata": {
        "aws:cdk:path": "my-custom-vpc-stack/customVpcId/IGW"
      }
    },
    "customVpcIdVPCGWCADF12C5": {
      "Type": "AWS::EC2::VPCGatewayAttachment",
      "Properties": {
        "VpcId": {
          "Ref": "customVpcId909241C7"
        },
        "InternetGatewayId": {
          "Ref": "customVpcIdIGWC038BCF9"
        }
      },
      "Metadata": {
        "aws:cdk:path": "my-custom-vpc-stack/customVpcId/VPCGW"
      }
    }
  },
  "Outputs": {
    "customVpcOutput": {
      "Value": {
        "Ref": "customVpcId909241C7"
      },
      "Export": {
        "Name": "customVpcId"
      }
    }
  }
}