{
  "Resources": {
    "myProductArtifactBucketIdD30D4B25": {
      "Type": "AWS::S3::Bucket",
      "Properties": {
        "BucketEncryption": {
          "ServerSideEncryptionConfiguration": [
            {
              "ServerSideEncryptionByDefault": {
                "KMSMasterKeyID": "arn:aws:kms:ap-south-1:423912300807:key/b2de00d5-a4fc-4b29-a785-77faec814bbb",
                "SSEAlgorithm": "aws:kms"
              }
            }
          ]
        },
        "VersioningConfiguration": {
          "Status": "Enabled"
        }
      },
      "UpdateReplacePolicy": "Retain",
      "DeletionPolicy": "Retain",
      "Metadata": {
        "aws:cdk:path": "myProdStack/myProductArtifactBucketId/Resource"
      }
    }
  }
}